{
  "hash": "4765c9e7",
  "configHash": "a5fec5ba",
  "lockfileHash": "be882457",
  "browserHash": "eac85419",
  "optimized": {
    "@angular/common": {
      "src": "../../../../../node_modules/@angular/common/fesm2022/common.mjs",
      "file": "@angular_common.js",
      "fileHash": "fe398a64",
      "needsInterop": false
    },
    "@angular/core": {
      "src": "../../../../../node_modules/@angular/core/fesm2022/core.mjs",
      "file": "@angular_core.js",
      "fileHash": "49950ad6",
      "needsInterop": false
    },
    "@angular/platform-browser": {
      "src": "../../../../../node_modules/@angular/platform-browser/fesm2022/platform-browser.mjs",
      "file": "@angular_platform-browser.js",
      "fileHash": "ce956daa",
      "needsInterop": false
    },
    "@angular/router": {
      "src": "../../../../../node_modules/@angular/router/fesm2022/router.mjs",
      "file": "@angular_router.js",
      "fileHash": "309c8a19",
      "needsInterop": false
    },
    "rxjs": {
      "src": "../../../../../node_modules/rxjs/dist/esm5/index.js",
      "file": "rxjs.js",
      "fileHash": "42dad57a",
      "needsInterop": false
    },
    "rxjs/ajax": {
      "src": "../../../../../node_modules/rxjs/dist/esm5/ajax/index.js",
      "file": "rxjs_ajax.js",
      "fileHash": "ae85fcc4",
      "needsInterop": false
    },
    "rxjs/operators": {
      "src": "../../../../../node_modules/rxjs/dist/esm5/operators/index.js",
      "file": "rxjs_operators.js",
      "fileHash": "554d65d1",
      "needsInterop": false
    }
  },
  "chunks": {
    "chunk-IZLVKY6K": {
      "file": "chunk-IZLVKY6K.js"
    },
    "chunk-XOZAKRBK": {
      "file": "chunk-XOZAKRBK.js"
    },
    "chunk-2CU3ZENY": {
      "file": "chunk-2CU3ZENY.js"
    },
    "chunk-H43USOGB": {
      "file": "chunk-H43USOGB.js"
    },
    "chunk-MKQPXJO5": {
      "file": "chunk-MKQPXJO5.js"
    },
    "chunk-KP52T2HK": {
      "file": "chunk-KP52T2HK.js"
    },
    "chunk-OJNKXKAW": {
      "file": "chunk-OJNKXKAW.js"
    }
  }
}